username,followers,createTime,videoDesc,videoID,videoLink,nViews,nShare,nLikes,nComment,hashtag
tariidan,989,2021-06-12,Jangan lupa download uki ya guys kali aja ketemu jodohüòÅ #uki #ukiapp,6972818970055347458,https://www.tiktok.com/@tariidan/video/6972818970055347458?lang=en,1124,1,103,3,"['uki', 'ukiapp']"
newbelegend,11300,2021-06-12,"Dijodohin mulu padahal gue pingin usaha sendiri, eitt makanya cobain ini di https://uki.booyah.cc/mobile/ #uki #ukiapp #viral #fyp",6972827953486974209,https://www.tiktok.com/@newbelegend/video/6972827953486974209?lang=en,4251,0,32,0,"['uki', 'ukiapp', 'viral', 'fyp']"
akun_bobrok,202700,2021-06-12,Salah pemikiran #uki #ukiapp,6972675201406422273,https://www.tiktok.com/@akun_bobrok/video/6972675201406422273?lang=en,1306,0,41,0,"['uki', 'ukiapp']"
cacafelisha0,140,2021-06-12,hari gini kamu msii gkk punya pasangan kasian yaa mknyaa kamu download UKI dan temukan tipe ideal kamu#UKIapp #uki #fyp„Ç∑ #fyp,6972822267893943554,https://www.tiktok.com/@cacafelisha0/video/6972822267893943554?lang=en,93400,0,1,0,"['ukiapp', 'uki', 'fyp„Ç∑', 'fyp']"
_babbybo,559,2021-06-12,download aplikasi uki sekarang ü•∞ #ukidownloadapp #uki #ukiapp,6972816481511918849,https://www.tiktok.com/@_babbybo/video/6972816481511918849?lang=en,11200,0,139,63,"['ukidownloadapp', 'uki', 'ukiapp']"
fiqruyy,1271,2021-06-12,yey akhirnya diizinin ü•∫üôè#uki #ukiapp,6972835201982500098,https://www.tiktok.com/@fiqruyy/video/6972835201982500098?lang=en,2189,0,142,20,"['uki', 'ukiapp']"
elzaraproject,247,2021-06-12,Sepupuku galau berat gegara pengen punya pacar tapi ortu melarang keras. Kusaranin aja buat download UKI APPS #uki #ukiapp #fyp,6972810995987254530,https://www.tiktok.com/@elzaraproject/video/6972810995987254530?lang=en,1078,0,26,1,"['uki', 'ukiapp', 'fyp']"
cici_koto,2912,2021-06-12,"sepupuku cari jodoh di uki, yu download UKI , Mana tau kalian berjodoh disana #uki #ukiapp #fyp #fyp„Ç∑",6972809379087142146,https://www.tiktok.com/@cici_koto/video/6972809379087142146?lang=en,105300,0,132,11,"['uki', 'ukiapp', 'fyp', 'fyp„Ç∑']"
rizalnasution90,104400,2021-06-12,saran untuk sepupu !! download UKI ayo ktemu disana #uki #ukiapp #fyp„Ç∑ #fyi #love,6972806479611006209,https://www.tiktok.com/@rizalnasution90/video/6972806479611006209?lang=en,102800,318,777,56,"['uki', 'ukiapp', 'fyp„Ç∑', 'fyi', 'love']"
newbelegend,11300,2021-06-12,"Jatuh cinta itu unik bisa darimanapun, kalian cobain deh di https://uki.booyah.cc/mobile/ #uki #ukiapp #viral #fyp #cinta",6972826687084006658,https://www.tiktok.com/@newbelegend/video/6972826687084006658?lang=en,3983,0,27,0,"['uki', 'ukiapp', 'viral', 'fyp', 'cinta']"
co.lideartmi,5648,2021-06-12,cerita pendek .yuk Download uki temukan banyak teman di sana #uki #ukiapp,6972824373958954242,https://www.tiktok.com/@co.lideartmi/video/6972824373958954242?lang=en,235,1,13,1,"['uki', 'ukiapp']"
akun_bobrok,202700,2021-06-12,Jadi tau#uki #ukiapp,6972675488653380865,https://www.tiktok.com/@akun_bobrok/video/6972675488653380865?lang=en,1867,0,71,0,"['uki', 'ukiapp']"
vollarramli,5103,2021-06-12,Coba terka apa akhir kisah cinta Lisaüíï #uki#ukiapp#ukiappdownload#,6972723380625706241,https://www.tiktok.com/@vollarramli/video/6972723380625706241?lang=en,109600,4,1252,112,"['uki', 'ukiapp', 'ukiappdownload']"
rizalnasution90,104400,2021-06-12,akhirnya dapet restu !! download UKi mari bertemu disana #ukiapp #uki #love #fyi #fyp„Ç∑,6972803467396140290,https://www.tiktok.com/@rizalnasution90/video/6972803467396140290?lang=en,107600,328,967,60,"['ukiapp', 'uki', 'love', 'fyi', 'fyp„Ç∑']"
usdeles,169,2021-06-12,Pengen punya pasangan ideal? Download UKI sekarang juga dan temukan pasanganmu di sana #uki #ukidownloadapp,6972813914451021057,https://www.tiktok.com/@usdeles/video/6972813914451021057?lang=en,1045,0,8,3,"['uki', 'ukidownloadapp']"
co.lideartmi,5648,2021-06-12,dilarang keluarga berjumpa dengan lelaki itu#uki #ukiapp,6972596337485417730,https://www.tiktok.com/@co.lideartmi/video/6972596337485417730?lang=en,366,1,19,3,"['uki', 'ukiapp']"
dandi3131,13300,2021-06-12,Download Aplikasi UKI#uki #ukiapp,6972800389628316930,https://www.tiktok.com/@dandi3131/video/6972800389628316930?lang=en,101,0,10,6,"['uki', 'ukiapp']"
pmhj96,863,2021-06-11,jangan lupa download uki sekarang #uki #ukiappdownload #ukiapp #fyp #fyp„Ç∑„Çöviral #fypsounds #fypdong,6972581695572774146,https://www.tiktok.com/@pmhj96/video/6972581695572774146?lang=en,1105,0,230,1,"['uki', 'ukiappdownload', 'ukiapp', 'fyp', 'fyp„Ç∑„Çöviral', 'fypsounds', 'fypdong']"
pmhj96,863,2021-06-12,jangan lupa download uki sekarang #uki #ukiap #ukiappdownload #fyp #fypdong #fypgakni,6972587804362542338,https://www.tiktok.com/@pmhj96/video/6972587804362542338?lang=en,1106,0,429,1,"['uki', 'ukiap', 'ukiappdownload', 'fyp', 'fypdong', 'fypgakni']"
elzaraproject,247,2021-06-12,Akhirnya ortu memberi restu dan luluh! Thank God! Seneng bgt! Jangan lupa ya download UKI APPS sekarang juga ya! #uki #ukiapp #fyp,6972802135704472833,https://www.tiktok.com/@elzaraproject/video/6972802135704472833?lang=en,1087,0,26,1,"['uki', 'ukiapp', 'fyp']"
cici_koto,2912,2021-06-12,"terimakasih ayah, sudah merestui aku. yu download UKI dan temukan jodohmu disana #uki #ukiapp #fyp #fyp„Ç∑",6972796006249417986,https://www.tiktok.com/@cici_koto/video/6972796006249417986?lang=en,105300,1,334,11,"['uki', 'ukiapp', 'fyp', 'fyp„Ç∑']"
_babbybo,559,2021-06-12,kisah cinta di aplikasi ukiü•∞ #ukidownloadapp #uki #ukiapp,6972809967174765825,https://www.tiktok.com/@_babbybo/video/6972809967174765825?lang=en,10200,0,141,61,"['ukidownloadapp', 'uki', 'ukiapp']"
vanilla.latte28,56500,2021-06-11,Download UKI dan temukan teman disana ya guys #uki #ukiapp https://uki.booyah.cc/mobile/,6972535822679592193,https://www.tiktok.com/@vanilla.latte28/video/6972535822679592193?lang=en,116500,37,421,51,"['uki', 'ukiapp']"
zyosephr,14700,2021-06-11,Buruan download aplikasi UKI guys! https://uki.booyah.cc/mobile/ #uki #ukiapp,6972430072888216833,https://www.tiktok.com/@zyosephr/video/6972430072888216833?lang=en,104400,134,919,43,"['uki', 'ukiapp']"
frxcyl,8738,2021-06-11,Akhirnya direstui cintanya... download apk UKI dan bertemu aku disana! #ukiapp #uki,6972504130262781186,https://www.tiktok.com/@frxcyl/video/6972504130262781186?lang=en,11400,19,254,38,"['ukiapp', 'uki']"
nurulhikmahdw,1286,2021-06-11,kalau udah cinta segala hal pasti di lakukan. yuk download aplikasi UKI sekarang #UKI  #ukidowloadapp   #ukiapp,6972531826602642690,https://www.tiktok.com/@nurulhikmahdw/video/6972531826602642690?lang=en,12400,0,211,0,"['uki', 'ukidowloadapp', 'ukiapp']"
caramelmoccacino1,758,2021-06-12,Pengen punya pasangan? Download UKI sekarang #uki #ukiapp #ukiappdownload,6972855324814396674,https://www.tiktok.com/@caramelmoccacino1/video/6972855324814396674?lang=en,21200,0,129,0,"['uki', 'ukiapp', 'ukiappdownload']"
amaliaa_74,1171,2021-06-12,mau dapet temen kencan? yuk dowload  uki dan temukan banyak orangü•∞ #uki #ukiapp,6972875776022547713,https://www.tiktok.com/@amaliaa_74/video/6972875776022547713?lang=en,1111,1,223,1,"['uki', 'ukiapp']"
caramelmoccacino1,758,2021-06-12,"Akhirnya direstuin, yuk unduh aplikasi UKI #uki #ukiapp #ukiappdownload",6972829449465138433,https://www.tiktok.com/@caramelmoccacino1/video/6972829449465138433?lang=en,103400,0,145,0,"['uki', 'ukiapp', 'ukiappdownload']"
virgofgirl,21,2021-06-12,Download aplikasi Uki dan temukan pasangan kalian disana!ü•∞ #Ukiap  #ukiappdownload,6972873912321379585,https://www.tiktok.com/@virgofgirl/video/6972873912321379585?lang=en,9092,0,7,9,"['ukiap', 'ukiappdownload']"
tariidan,989,2021-06-12,Jangan lupa download ya guys kali aja jodoh kalian disana #uki #UKIapp,6972878190717046017,https://www.tiktok.com/@tariidan/video/6972878190717046017?lang=en,1122,2,226,1,"['uki', 'ukiapp']"
acha1606,1338,2021-06-12,Tuh gaes sepupuku aja kepo dan pengen dapet pasangan di Uki yuk kalian juga jangan lupa download Uki yah dan temukan aku disana #Uki #Ukiapp,6972875589577477378,https://www.tiktok.com/@acha1606/video/6972875589577477378?lang=en,112100,4,128,1,"['uki', 'ukiapp']"
kaisa650,741,2021-06-12,Yuk donwload aplikasi UKI skrng temukan teman baru disana... 0#uki  #ukiapp,6972884863653268737,https://www.tiktok.com/@kaisa650/video/6972884863653268737?lang=en,10200,0,142,61,"['uki', 'ukiapp']"
imha042,184,2021-06-12,download UKI dan temukan pasangan dan teman ngobrol di sana#ukiaap #uki,6972873852917386498,https://www.tiktok.com/@imha042/video/6972873852917386498?lang=en,4112,0,123,1,"['ukiaap', 'uki']"
selfiani36,1553,2021-06-12,siapa nih yg belum unduh aplikasi UKI ? yuk download aplikasi UKI sekarang dan mari bertemu disana   #uki #ukiapp #ukidownloadapp,6972871484276477186,https://www.tiktok.com/@selfiani36/video/6972871484276477186?lang=en,40100,0,126,1,"['uki', 'ukiapp', 'ukidownloadapp']"
indraiskandarnew26,9690,2021-06-12,Akhirnya kedua orang tuaku mengintrogasi dan menyetujui hubungan kami #uki #ukiapp,6972818447860337922,https://www.tiktok.com/@indraiskandarnew26/video/6972818447860337922?lang=en,101400,74,133,14,"['uki', 'ukiapp']"
acha1606,1338,2021-06-12,"Yey akhir nya disetujuin juga sama orang tua üíñ tuhkan gaes kalau cari2 laki2 hrs yg serius yah, download Uki supaya bsa temukan jodohüíú #Uki #Ukiapp",6972874211371142402,https://www.tiktok.com/@acha1606/video/6972874211371142402?lang=en,107800,4,128,1,"['uki', 'ukiapp']"
doa_ayumi,35900,2021-06-12,#uki #ukiapp akhirnya di tanya ini itu deh ... untung psanganya ketemu di uki..jd gk ngecewain,6972850950289509634,https://www.tiktok.com/@doa_ayumi/video/6972850950289509634?lang=en,110100,0,621,11,"['uki', 'ukiapp']"
oktorizaldi,955,2021-06-12,download uki temukan aku di sana#uki #ukiapp,6972851428457057538,https://www.tiktok.com/@oktorizaldi/video/6972851428457057538?lang=en,47200,0,7,2,"['uki', 'ukiapp']"
iantjaya1,1569,2021-06-12,para jomblo gak perlu risau tak perlu bimbang download uki buruan. #uki #ukiapp #ukidownload #jomblo,6972830156180229378,https://www.tiktok.com/@iantjaya1/video/6972830156180229378?lang=en,1080,4,128,8,"['uki', 'ukiapp', 'ukidownload', 'jomblo']"
niken_zulia,112500,2021-06-12,pasti ketemu #uki #ukiapp,6972836414752886018,https://www.tiktok.com/@niken_zulia/video/6972836414752886018?lang=en,101200,140,524,52,"['uki', 'ukiapp']"
cacafelisha0,140,2021-06-12,"yok temukan pasanganmu di UKI ku jamin orang di UKI tidak mungkin mengecewakanmu dan org"" terdekat mu#UKIapp #uki #fyp„Ç∑ #fyp",6972789543984532737,https://www.tiktok.com/@cacafelisha0/video/6972789543984532737?lang=en,103000,1,1,0,"['ukiapp', 'uki', 'fyp„Ç∑', 'fyp']"
ruby.ophelia,20100,2021-06-12,Pasti kalian pernah di posisi ini kan? Hayoo ngaku? Berjalan mulus? Karena #uki aku telah menemukan pasangan yg tepat yuk download #ukiapp üíú,6972823807753080066,https://www.tiktok.com/@ruby.ophelia/video/6972823807753080066?lang=en,116100,156,931,73,"['uki', 'ukiapp']"
selfiani36,1553,2021-06-12,Siapa nih hubungannya udah di restui sama orang tuanya ? yuk download aplikasi UKI dan mari bertemu di sana #uki #ukiapp #ukidownloadapp,6972841866697936129,https://www.tiktok.com/@selfiani36/video/6972841866697936129?lang=en,100300,0,144,1,"['uki', 'ukiapp', 'ukidownloadapp']"
wanz3,518,2021-06-12,"temenan di uki itu seru nya orang nya pada baik2 ,gk prcaya? cobain deh #ukiapp #ukiappdonwload #aplikasiuki",6972842242901921025,https://www.tiktok.com/@wanz3/video/6972842242901921025?lang=en,33200,0,123,1,"['ukiapp', 'ukiappdonwload', 'aplikasiuki']"
ruby.ophelia,20100,2021-06-12,Wah berasa dejavu yaa!! Aku kasih tips buat main #uki aja! Biar dia semangat dan ga galau lagi #ukiapp üíú #fyp #pov,6972838099223153921,https://www.tiktok.com/@ruby.ophelia/video/6972838099223153921?lang=en,114000,158,878,71,"['uki', 'ukiapp', 'fyp', 'pov']"
iantjaya1,1569,2021-06-12,segera temukan jodohmu dengan cara download aplikasi..#uki #ukiapp #ukidownload,6972828726727937281,https://www.tiktok.com/@iantjaya1/video/6972828726727937281?lang=en,101300,4,291,9,"['uki', 'ukiapp', 'ukidownload']"
ayurahayyy,968,2021-06-11,Penasarankan apa yang akan terjadi selanjutnya? #uki #ukiapp #fyp,6972571409600023810,https://www.tiktok.com/@ayurahayyy/video/6972571409600023810?lang=en,1155,0,274,1,"['uki', 'ukiapp', 'fyp']"
rahmaaputri18,1652,2021-06-12,nah ingin tau next gmn?  jangan lupa download app UKI ya #uki #ukiapp #fyp,6972586254563085569,https://www.tiktok.com/@rahmaaputri18/video/6972586254563085569?lang=en,1285,0,228,1,"['uki', 'ukiapp', 'fyp']"
vollarramli,5103,2021-06-11,Tercyduk üòÜ Lisa pergi temui pacar üíï #uki#ukiapp#ukiappdownload#,6972576097405816065,https://www.tiktok.com/@vollarramli/video/6972576097405816065?lang=en,1404,3,180,71,"['uki', 'ukiapp', 'ukiappdownload']"
iramutiapratiwii,12900,2021-06-12,kira kira direstuin gak nih? yuk download aplikasi UKI sekarang dan kita bertemu disana üòä #uki #ukiapp #ukidownloadapp,6972582587873168642,https://www.tiktok.com/@iramutiapratiwii/video/6972582587873168642?lang=en,1297,4,210,1,"['uki', 'ukiapp', 'ukidownloadapp']"
ruby.ophelia,20100,2021-06-11,Sedih banget gaboleh memilih pasangan sendiri üò• Lebih baik download #uki #ukiapp dan temukan aku disana !! https://uki.booyah.cc/mobile/,6972515648958139649,https://www.tiktok.com/@ruby.ophelia/video/6972515648958139649?lang=en,100500,226,618,72,"['uki', 'ukiapp']"
elzaraproject,247,2021-06-11,Akhirnya ortuku memberi restu! Seneng banget! Jangan lupa download UKI APPS sekarang juga dan mari berteman! #uki #ukiapp #fyp,6972581457629875457,https://www.tiktok.com/@elzaraproject/video/6972581457629875457?lang=en,2328,0,208,1,"['uki', 'ukiapp', 'fyp']"
rahmaaputri18,1652,2021-06-11,yah ketauan deh aku berkencan üôÉ yuk download app UKI sekarang juga ya #uki #ukiapp #fyp,6972574801164651777,https://www.tiktok.com/@rahmaaputri18/video/6972574801164651777?lang=en,1304,0,235,1,"['uki', 'ukiapp', 'fyp']"
ayurahayyy,968,2021-06-11,Ini kan yang kalian tunggu.. #uki #ukiapp #fyp,6972570926965591297,https://www.tiktok.com/@ayurahayyy/video/6972570926965591297?lang=en,1238,0,232,2,"['uki', 'ukiapp', 'fyp']"
diannur1176,1182,2021-06-12,download uki dan kamu akan menemukan pasangan yg membuatmu bahagia..#uki #ukiapp #fyp,6972582551827287297,https://www.tiktok.com/@diannur1176/video/6972582551827287297?lang=en,1106,0,345,2,"['uki', 'ukiapp', 'fyp']"
mahardikanp,567,2021-06-12,akhirnya disetujui oleh orang tua. jangan lupa yaa download uki sekarang juga https://uki.booyah.cc/mobile/ #uki #ukiapp #ukiappdownload,6972866419713182977,https://www.tiktok.com/@mahardikanp/video/6972866419713182977?lang=en,142,0,127,2,"['uki', 'ukiapp', 'ukiappdownload']"
indraiskandarnew26,9690,2021-06-12,Wah sepupuku curhat sepertinya seru nih ceritanya #uki #ukiapp,6972805892974693634,https://www.tiktok.com/@indraiskandarnew26/video/6972805892974693634?lang=en,101400,8,112,7,"['uki', 'ukiapp']"
jacks_0197,3422,2021-06-12,curhatan sepupu. larangan keluarga. download UKI dan temukan aku disana #ukiapp #uki,6972826249152515330,https://www.tiktok.com/@jacks_0197/video/6972826249152515330?lang=en,103300,6,276,10,"['ukiapp', 'uki']"
syahrizal067,10300,2021-06-12,"Cuma di uki kamu bisa menemukan pasangan terbaik dan tidak akan membuat kecewa ,, https://uki.booyah.cc/mobile/ #uki #ukiapp",6972860583146278145,https://www.tiktok.com/@syahrizal067/video/6972860583146278145?lang=en,108300,0,544,1,"['uki', 'ukiapp']"
mahardikanp,567,2021-06-12,akhirnya disetujui oleh orang tua. jangan lupa yaa download uki sekarang juga https://uki.booyah.cc/mobile/ #uki #ukiapp #ukiappdownload,6972867578544917761,https://www.tiktok.com/@mahardikanp/video/6972867578544917761?lang=en,141,0,127,2,"['uki', 'ukiapp', 'ukiappdownload']"
mauuuit,328,2021-06-12,yuk download uki kalian bisa dapet temen dan bisa nyari pasangan #uki #ukiapp #fyp„Ç∑,6972851190040186114,https://www.tiktok.com/@mauuuit/video/6972851190040186114?lang=en,2068,17,34,40,"['uki', 'ukiapp', 'fyp„Ç∑']"
kaisa650,741,2021-06-12,"Temukan pasangan'mu yuk donwload aplikasi UKI skrng,#uki  #ukiapp",6972858242640661762,https://www.tiktok.com/@kaisa650/video/6972858242640661762?lang=en,10200,0,139,59,"['uki', 'ukiapp']"
zyosephr,14700,2021-06-12,Ayok guys buruan download UKI! https://uki.booyah.cc/mobile/ #uki #ukiapp,6972851525240589570,https://www.tiktok.com/@zyosephr/video/6972851525240589570?lang=en,107100,5,323,33,"['uki', 'ukiapp']"
ghibaja,2080,2021-06-12,Gak mau ketahuan pacaran? cari yang jauh aja lewat UKI. #uki #ukiapp #fyp #capcut,6972867669041089793,https://www.tiktok.com/@ghibaja/video/6972867669041089793?lang=en,26200,0,133,1,"['uki', 'ukiapp', 'fyp', 'capcut']"
ghibaja,2080,2021-06-12,Akhir nya ortu menerima hubungan kami #uki #ukiapp #CobainCimoryCeger #fyp,6972863391337696513,https://www.tiktok.com/@ghibaja/video/6972863391337696513?lang=en,14100,0,133,1,"['uki', 'ukiapp', 'CobainCimoryCeger', 'fyp']"
zyosephr,14700,2021-06-12,Jangan lupa download UKI ya guys! https://uki.booyah.cc/mobile/ #uki #ukiapp,6972850846644129025,https://www.tiktok.com/@zyosephr/video/6972850846644129025?lang=en,103400,4,279,32,"['uki', 'ukiapp']"
sebelasduatiga_,6305,2021-06-12,Download uki temukan psangan kalian d sana #UKI #ukiapp #ukiappdownload,6972862003320851714,https://www.tiktok.com/@sebelasduatiga_/video/6972862003320851714?lang=en,101500,0,187,32,"['uki', 'ukiapp', 'ukiappdownload']"
mauuuit,328,2021-06-12,nih caranya gunain aplikasi uki bagi yg belum tauüòò#uki #ukiapp #fyp„Ç∑,6972851786868608257,https://www.tiktok.com/@mauuuit/video/6972851786868608257?lang=en,2087,16,35,42,"['uki', 'ukiapp', 'fyp„Ç∑']"
virarahmawati496,333,2021-06-12,"#fyp #ukiapp Yo download aplikasi uki,link ada d bio ya#fypppppppppppp",6972866417515334913,https://www.tiktok.com/@virarahmawati496/video/6972866417515334913?lang=en,1138,0,243,4,"['fyp', 'ukiapp', 'fypppppppppppp']"
dhytashl18,87300,2021-06-12,gimana kalian masih jomblo? hehe join di uki app yuk biar bisa dapet pacar! #uki #ukiapp #fyp #foryourpage #dialog,6972829956715990274,https://www.tiktok.com/@dhytashl18/video/6972829956715990274?lang=en,104300,4,306,18,"['uki', 'ukiapp', 'fyp', 'foryourpage', 'dialog']"
nitamita.51,12100,2021-06-12,Kekasihku bertemu keluargaku. Larangan Keluarga. download UKI dan temukan aku disana #ukiapp #uki,6972819594079702273,https://www.tiktok.com/@nitamita.51/video/6972819594079702273?lang=en,103100,0,295,17,"['ukiapp', 'uki']"
sebelasduatiga_,6305,2021-06-12,"Aku bertemu pacar aku di uki, orangtua ku pun merestuinya #UKI #ukiapp #ukiappdownload",6972864565302365441,https://www.tiktok.com/@sebelasduatiga_/video/6972864565302365441?lang=en,10200,0,151,3,"['uki', 'ukiapp', 'ukiappdownload']"
nitamita.51,12100,2021-06-12,curhat sepupuku. larangan keluarga. download UKI dan temukan aku disana #uki #ukiapp,6972820686637124866,https://www.tiktok.com/@nitamita.51/video/6972820686637124866?lang=en,103400,0,320,29,"['uki', 'ukiapp']"
syahrizal067,10300,2021-06-12,"Uki selalu memberi jalan terbaik untuk bertemu dengan pasangan ,, https://uki.booyah.cc/mobile/ #uki #ukiapp",6972861462784003329,https://www.tiktok.com/@syahrizal067/video/6972861462784003329?lang=en,113300,0,350,1,"['uki', 'ukiapp']"
dhytashl18,87300,2021-06-12,Nah kalian udah pakai UKI app belum? yuk download uki app sekarang & temukan pasangan yang cocok! #uki #ukiapp #fyp #foryourpage #dialog,6972846121961966850,https://www.tiktok.com/@dhytashl18/video/6972846121961966850?lang=en,102500,6,462,12,"['uki', 'ukiapp', 'fyp', 'foryourpage', 'dialog']"
doa_ayumi,35900,2021-06-12,"#uki #ukiapp  jadi sepupu gw dateng, ngrengek dia curhat,,untung ada uki,, uki bs jd solusi",6972750555152256257,https://www.tiktok.com/@doa_ayumi/video/6972750555152256257?lang=en,115100,1,566,14,"['uki', 'ukiapp']"
imha042,184,2021-06-12,"yuk download uki skrng,di sana kamu bisa dapatkan tman ngobrol lohh.#uki #ukiaap",6972767418129108225,https://www.tiktok.com/@imha042/video/6972767418129108225?lang=en,3136,0,121,1,"['uki', 'ukiaap']"
niken_zulia,112500,2021-06-12,direstui dong #uki #ukiapp,6972748003522170114,https://www.tiktok.com/@niken_zulia/video/6972748003522170114?lang=en,100500,78,635,68,"['uki', 'ukiapp']"
zyosephr,14700,2021-06-11,Tunggu apa lagi! buruan download UKI guys! https://uki.booyah.cc/mobile/ #uki #ukiapp,6972428284193754369,https://www.tiktok.com/@zyosephr/video/6972428284193754369?lang=en,105500,147,1087,42,"['uki', 'ukiapp']"
cleoglasses17,159,2021-06-12,punya sepepu bawel banget nih Masalah jodoh mah gampang donwload Ukiapp sekarang temuin jodoh kamu Disana #ukiapp  #ukiappdownload,6972777431467920642,https://www.tiktok.com/@cleoglasses17/video/6972777431467920642?lang=en,101300,3,1042,20,"['ukiapp', 'ukiappdownload']"
febyres27,8952,2021-06-12,Akhirnya direstui orang tua. download uki yaa #uki #ukiapp #fyp,6972778862686047489,https://www.tiktok.com/@febyres27/video/6972778862686047489?lang=en,103300,0,259,22,"['uki', 'ukiapp', 'fyp']"
febyres27,8952,2021-06-12,Sepupu curhat. Solusinya yaa Uki dong #uki #ukiapp #fyp,6972780092581874946,https://www.tiktok.com/@febyres27/video/6972780092581874946?lang=en,113400,0,423,21,"['uki', 'ukiapp', 'fyp']"
amaliayun,12100,2021-06-12,Ikuti kelanjutannya hanya di Uki app...yuk download...kita ketemuan disana #uki#ukiapp http://uki.booyah.cc/mobile/,6972920819064245505,https://www.tiktok.com/@amaliayun/video/6972920819064245505?lang=en,3323,0,188,61,"['uki', 'ukiapp']"
cumiya_,1657,2021-06-12,yuk download apk UKI #uki #ukiapp #fyp,6972908717364858114,https://www.tiktok.com/@cumiya_/video/6972908717364858114?lang=en,12100,16,60,41,"['uki', 'ukiapp', 'fyp']"
mutiapita,1248,2021-06-12,yukdownload uki dan temukan aku disana yahh #uki #ukiapp #ukiappdownload,6972906476067114241,https://www.tiktok.com/@mutiapita/video/6972906476067114241?lang=en,2016,0,4,0,"['uki', 'ukiapp', 'ukiappdownload']"
nurulhikmahdw,1286,2021-06-12,Nasib yang sama . yuk download aplikasi UKI sekarang #UKI  #ukidowloadapp   #ukiapp,6972913063309626626,https://www.tiktok.com/@nurulhikmahdw/video/6972913063309626626?lang=en,21200,0,127,0,"['uki', 'ukidowloadapp', 'ukiapp']"
afia_300,12600,2021-06-12,pusing mau ngapain? mending download UKI guys! https://uki.booyah.cc/mobile/ #uki #ukiapp,6972870631557745922,https://www.tiktok.com/@afia_300/video/6972870631557745922?lang=en,105100,3,393,28,"['uki', 'ukiapp']"
mutiapita,1248,2021-06-12,yukdownload uki #ukiapp #ukiappdownload #uki,6972904575137287425,https://www.tiktok.com/@mutiapita/video/6972904575137287425?lang=en,1012,0,4,0,"['ukiapp', 'ukiappdownload', 'uki']"
afia_300,12600,2021-06-12,Jangan lupa download Aplikasi UKI ya guys! https://uki.booyah.cc/mobile/ #uki #ukiapp,6972859407407369474,https://www.tiktok.com/@afia_300/video/6972859407407369474?lang=en,105100,65,246,30,"['uki', 'ukiapp']"
agusrabb33_,101000,2021-06-12,"Tidak tahu bagaimana cara menemukan jodohmu sendiri. downdload uki, dan temukan pasanganmu sendiri #uki #ukiapp #fypdonk #fyp",6972897593961549058,https://www.tiktok.com/@agusrabb33_/video/6972897593961549058?lang=en,102600,35,414,15,"['uki', 'ukiapp', 'fypdonk', 'fyp']"
anhytaviaintan03,1447,2021-06-12,kalau Kalian Gmna Nih ?? Yuk buruan Download Apk UKI Skrg Yg Pastinya Akan Bertemu Aku Dsana Nntinyaü•∞ü•∞ #uki #ukiapk #ukidownloadapp,6972902002913266946,https://www.tiktok.com/@anhytaviaintan03/video/6972902002913266946?lang=en,1145,1,130,0,"['uki', 'ukiapk', 'ukidownloadapp']"
badzesalam03,203500,2021-06-12,"Satu Cinta Hanya Untuk Mu, kan Ku Jaga Sepanjang Hidup ku ‚ù§ #uki #ukiapp #download #fyp #fypdong #treding",6972879874939833602,https://www.tiktok.com/@badzesalam03/video/6972879874939833602?lang=en,108400,538,493,31,"['uki', 'ukiapp', 'download', 'fyp', 'fypdong', 'treding']"
vanilla.latte28,56500,2021-06-12,"Download UKI, ayo ketemu disana #uki #ukiapp  https://uki.booyah.cc/mobile/ üíúüíúüíúüíú",6972852537321934082,https://www.tiktok.com/@vanilla.latte28/video/6972852537321934082?lang=en,113300,22,585,39,"['uki', 'ukiapp']"
okza18,4,2021-06-12,download aplikasi #uki #ukiapp,6972909251065056513,https://www.tiktok.com/@okza18/video/6972909251065056513?lang=en,9004,0,3,3,"['uki', 'ukiapp']"
dviastuti,2119,2021-06-12,pertanyaan dari ayah ketika aku tiba2 punya pacar#fyp #fyp„Ç∑ #CobainCimoryCeger #uki #ukiapp #vidioviral,6972915356570619138,https://www.tiktok.com/@dviastuti/video/6972915356570619138?lang=en,56,0,4,1,"['fyp', 'fyp„Ç∑', 'CobainCimoryCeger', 'uki', 'ukiapp', 'vidioviral']"
clara6047842737865,574,2021-06-12,"Mau cari teman atau pasangan?di UKI aja,yuk downlaod sekarang #uki #ukiapp",6972891835983236354,https://www.tiktok.com/@clara6047842737865/video/6972891835983236354?lang=en,20200,15,166,69,"['uki', 'ukiapp']"
agusrabb33_,101000,2021-06-12,unduh uki dan temukan pasanganmu. orang orang di uki tidak akan pernah mengecewakanmu dan orang tuamu #uki #ukiapp,6972892529507257602,https://www.tiktok.com/@agusrabb33_/video/6972892529507257602?lang=en,123500,18,551,10,"['uki', 'ukiapp']"
anayla99,4249,2021-06-12,Kalau mau dapet teman kencan jarak jauh harus banget nih download aplikasi UKI #uki #ukiapp #fyp,6972912623931165953,https://www.tiktok.com/@anayla99/video/6972912623931165953?lang=en,1153,0,232,2,"['uki', 'ukiapp', 'fyp']"
adiraa_05,1153,2021-06-12,"UKI tidak akan pernah mengecewakan kita, yu download UKI!! #uki #ukiapp #fyp",6972930162509794561,https://www.tiktok.com/@adiraa_05/video/6972930162509794561?lang=en,1106,1,227,1,"['uki', 'ukiapp', 'fyp']"
dhiyo1998,135100,2021-06-12,"bantu temanmu menemukan jodoh, unduh UKI sekarang https://uki.booyah.cc/mobile/ #uki #ukiapp",6972933611880303873,https://www.tiktok.com/@dhiyo1998/video/6972933611880303873?lang=en,100300,0,590,0,"['uki', 'ukiapp']"
cewek.mancung,5538,2021-06-12,doi ku baik dan kenalnya di UKI #uki #ukiapp,6972919624706952450,https://www.tiktok.com/@cewek.mancung/video/6972919624706952450?lang=en,102200,0,81,2,"['uki', 'ukiapp']"
advin666,2162,2021-06-12,Ahirnya ketemu cara dapet gebetan #uki #ukiapp,6972924319785651457,https://www.tiktok.com/@advin666/video/6972924319785651457?lang=en,1253,2,284,2,"['uki', 'ukiapp']"
frxcyl,8738,2021-06-12,"Temukan pasanganmu dengan mendownload aplikasi UKI, yuk cobain! #UKIAPP #UKI",6972804192691899649,https://www.tiktok.com/@frxcyl/video/6972804192691899649?lang=en,102700,26,272,50,"['ukiapp', 'uki']"
nitnott0420,13500,2021-06-12,Tidak tau menemukan kekasih mu dimana? Download UKI.. temukan pasanganmu.. #uki #ukiapp #ukiappdownload,6972912234620079362,https://www.tiktok.com/@nitnott0420/video/6972912234620079362?lang=en,102700,20,565,39,"['uki', 'ukiapp', 'ukiappdownload']"
anayla99,4249,2021-06-12,Temukan teman kencan kalian di aplikasi UKI #uki #ukiapp #fyp,6972911200795430146,https://www.tiktok.com/@anayla99/video/6972911200795430146?lang=en,1139,0,92,1,"['uki', 'ukiapp', 'fyp']"
jjjuma1401,7051,2021-06-12,mau tau kelanjutany? yuk donwload aplikasi uki kita ketemu disana #uki #ukiapp,6972929467668892930,https://www.tiktok.com/@jjjuma1401/video/6972929467668892930?lang=en,15200,13,146,1,"['uki', 'ukiapp']"
jjjuma1401,7051,2021-06-12,"akhirnya gak perlu sembuyi2 lagi, yuk download uki temukan pasanganmu disana #uki #ukiapp",6972928756927270146,https://www.tiktok.com/@jjjuma1401/video/6972928756927270146?lang=en,12100,11,124,1,"['uki', 'ukiapp']"
adiraa_05,1153,2021-06-12,akhirnya bisa menemukan pasangan di UKI #uki #ukiapp #fyp,6972934728320175361,https://www.tiktok.com/@adiraa_05/video/6972934728320175361?lang=en,1108,1,114,1,"['uki', 'ukiapp', 'fyp']"
frxcyl,8738,2021-06-12,"Love story, download apk UKI mari kita bertemu disana! #UKIAPP #UKI",6972792017713777922,https://www.tiktok.com/@frxcyl/video/6972792017713777922?lang=en,11400,18,162,41,"['ukiapp', 'uki']"
nitnott0420,13500,2021-06-12,Apakah keluarga masih melarang?? Donload Uki temukan teman barumu.. #uki #ukiapp #ukiappdownload,6972861177030315266,https://www.tiktok.com/@nitnott0420/video/6972861177030315266?lang=en,103100,19,206,38,"['uki', 'ukiapp', 'ukiappdownload']"
jajaqquy,25600,2021-06-12,kalian pasti pengen kayak gini kanüòçsegera download #ukiapp #uki http://uki.booyah.cc/mobile/ temukan pasangan yg tidak mengecewakanü•∞,6972930591691934977,https://www.tiktok.com/@jajaqquy/video/6972930591691934977?lang=en,110000,3,374,2,"['ukiapp', 'uki']"
pmhj96,863,2021-06-12,jangan lupa download uki sekarang #uki #fyp #ukiapp #ukiappdownload #fyp„Ç∑ #fyp„Ç∑„Çöviral #fypdong,6972941163124755714,https://www.tiktok.com/@pmhj96/video/6972941163124755714?lang=en,1107,3,205,1,"['uki', 'fyp', 'ukiapp', 'ukiappdownload', 'fyp„Ç∑', 'fyp„Ç∑„Çöviral', 'fypdong']"
dhiyo1998,135100,2021-06-12,"Dapatkan jodoh baik di UKI, unduh UKI sekarang https://uki.booyah.cc/mobile/ #uki #ukiapp",6972933019191528705,https://www.tiktok.com/@dhiyo1998/video/6972933019191528705?lang=en,100200,0,646,0,"['uki', 'ukiapp']"
ayurahayyy,968,2021-06-12,Kira-kira apa yang akan terjadi? #uki #ukiapp #fyp,6972941420432772354,https://www.tiktok.com/@ayurahayyy/video/6972941420432772354?lang=en,1152,1,169,2,"['uki', 'ukiapp', 'fyp']"
vollarramli,5103,2021-06-12,Cinta Lisa dan pacar mengalahkan larangan keluarga ü•∞ #uki#ukiapp#ukiappdownload#,6972950965322304770,https://www.tiktok.com/@vollarramli/video/6972950965322304770?lang=en,1139,3,165,48,"['uki', 'ukiapp', 'ukiappdownload']"
dennyracmattullah,128000,2021-06-12,"tidak dizinkan pacaran  !! Kalau belum cobain aja langsung download, dijamin seruuuüíú https://uki.booyah.cc/mobile/ #uki #ukiapp #fyp",6972850153749302530,https://www.tiktok.com/@dennyracmattullah/video/6972850153749302530?lang=en,111400,19,502,44,"['uki', 'ukiapp', 'fyp']"
diannur1176,1182,2021-06-12,jangan lupa donwlod uki sekarang #uki #ukiapp #fyp #ukiappdowonloa #ukiappdownload #fypppppppppppp #fyp„Ç∑,6972944299096886530,https://www.tiktok.com/@diannur1176/video/6972944299096886530?lang=en,1111,1,257,1,"['uki', 'ukiapp', 'fyp', 'ukiappdowonloa', 'ukiappdownload', 'fypppppppppppp', 'fyp„Ç∑']"
diannur1176,1182,2021-06-12,jangan lupa donwload uki sekarang #fyp #uki #ukiapp #ukiappdownload #fypfypfyp #fypgaknihh #fypdong,6972945453587369218,https://www.tiktok.com/@diannur1176/video/6972945453587369218?lang=en,1120,1,310,1,"['fyp', 'uki', 'ukiapp', 'ukiappdownload', 'fypfypfyp', 'fypgaknihh', 'fypdong']"
advin666,2162,2021-06-12,Kencan tapi gak buta di uki aja #uki #ukiapp,6972922105096604929,https://www.tiktok.com/@advin666/video/6972922105096604929?lang=en,1218,2,169,3,"['uki', 'ukiapp']"
dennyracmattullah,128000,2021-06-12,"kapan kalian saling mengenal? Kalau belum cobain aja langsung download, dijamin seruuuüíú https://uki.booyah.cc/mobile/ #uki #ukiapp #fyp",6972828806906170625,https://www.tiktok.com/@dennyracmattullah/video/6972828806906170625?lang=en,111400,29,570,57,"['uki', 'ukiapp', 'fyp']"
jajaqquy,25600,2021-06-12,kesel hari gini masi jomblo? yuk download #uki #ukiapp http://uki.booyah.cc/mobile/ dan temukan pasangan rahasiamuüòç,6972950893318655233,https://www.tiktok.com/@jajaqquy/video/6972950893318655233?lang=en,105000,63,368,2,"['uki', 'ukiapp']"
zcarmels,22600,2021-06-12,kalian udah coba kasih tau rekan kalian blm ? https://uki.booyah.cc/mobile/ #Uki #Ukiapp,6972946264447143170,https://www.tiktok.com/@zcarmels/video/6972946264447143170?lang=en,108000,65,517,2,"['uki', 'ukiapp']"
zcarmels,22600,2021-06-12,coba apa yg harus saya lakukan? https://uki.booyah.cc/mobile/ #Uki #Ukiapp,6972945397551500546,https://www.tiktok.com/@zcarmels/video/6972945397551500546?lang=en,110000,205,269,2,"['uki', 'ukiapp']"
ayurahayyy,968,2021-06-12,Tonton terus ya guysss #uki #ukiapp #fyp,6972938545694575873,https://www.tiktok.com/@ayurahayyy/video/6972938545694575873?lang=en,1158,1,219,1,"['uki', 'ukiapp', 'fyp']"
badzesalam03,203500,2021-06-12,"EDISI GALAU, ANTARA GADIS atau JANDA Pilihan Orang tua ku üòå untung ada aplikasi UKI #uki #ukiapp #download #viral #fyp„Ç∑ #fyp #trending",6972896552612334850,https://www.tiktok.com/@badzesalam03/video/6972896552612334850?lang=en,102400,408,393,33,"['uki', 'ukiapp', 'download', 'viral', 'fyp„Ç∑', 'fyp', 'trending']"
cewek.mancung,5538,2021-06-12,penasaran kan kelanjutan selanjutnya yuk download UKI #uki #ukiapp #fyp„Ç∑ #fyp #magicfood,6972902520226073858,https://www.tiktok.com/@cewek.mancung/video/6972902520226073858?lang=en,104900,0,86,2,"['uki', 'ukiapp', 'fyp„Ç∑', 'fyp', 'magicfood']"
mimi_xaa,29200,2021-06-12,Akhirnya dapat restu dari kedua orang tuaku karna uki https://uki.booyah.cc/mobile/ #uki #ukiapp,6972860401662872833,https://www.tiktok.com/@mimi_xaa/video/6972860401662872833?lang=en,136300,2,337,2,"['uki', 'ukiapp']"
arcelia_doreen,3423,2021-06-12,akhirnya disetujui.. Yuk Download UKI.. #uki #ukiapp #ukiapk #foryou #fyp,6972887005244034306,https://www.tiktok.com/@arcelia_doreen/video/6972887005244034306?lang=en,102700,200,123,2,"['uki', 'ukiapp', 'ukiapk', 'foryou', 'fyp']"
jinani01,12000,2021-06-12,Temukan cinta rahasia kamu dan berbahagialah.. download #UKI #ukiapp https://uki.booyah.cc/mobile/#BounceBackID #fyp,6972819303456427265,https://www.tiktok.com/@jinani01/video/6972819303456427265?lang=en,100600,0,261,28,"['uki', 'ukiapp', 'BounceBackID', 'fyp']"
jinani01,12000,2021-06-12,akhirnya restu pun di dapatkan  .. yuk download #ukiapp #UKI   dan temukan jg cintamu https://uki.booyah.cc/mobile/#BounceBackID #fyp,6972881710513949954,https://www.tiktok.com/@jinani01/video/6972881710513949954?lang=en,2446,0,156,29,"['ukiapp', 'uki', 'BounceBackID', 'fyp']"
mimi_xaa,29200,2021-06-12,wah sepupuku langsung gas donload uki nih saatnya giliran mu ya https://uki.booyah.cc/mobile/ #uki #ukiapp,6972861839092763905,https://www.tiktok.com/@mimi_xaa/video/6972861839092763905?lang=en,105600,4,269,2,"['uki', 'ukiapp']"
anhytaviaintan03,1447,2021-06-12,kalau Kalian Gmna Nih ?? Yuk buruan Download Apk UKI Skrg Yg Pastinya Akan Bertemu Aku Dsana Nntinyaü•∞ü•∞ #uki #ukiapk #ukidownloadapp,6972902840893181185,https://www.tiktok.com/@anhytaviaintan03/video/6972902840893181185?lang=en,1141,0,128,0,"['uki', 'ukiapk', 'ukidownloadapp']"
yola_erlianda,106600,2021-06-12,download UKI temukan jodoh yang baik disana.. #uki #ukiapp #fyp,6972882075854687489,https://www.tiktok.com/@yola_erlianda/video/6972882075854687489?lang=en,140300,0,653,11,"['uki', 'ukiapp', 'fyp']"
arcelia_doreen,3423,2021-06-12,Kalian juga bisa loh dapet pasangan di UKI.. #uki #ukiapp #ukiapk #foryou #fyp,6972887850119417089,https://www.tiktok.com/@arcelia_doreen/video/6972887850119417089?lang=en,103600,221,136,2,"['uki', 'ukiapp', 'ukiapk', 'foryou', 'fyp']"
amaliaa_74,1171,2021-06-12,Yuk temukan pasangan baru di UKIü•∞ #uki #ukiapp,6972879939427421442,https://www.tiktok.com/@amaliaa_74/video/6972879939427421442?lang=en,1110,2,131,1,"['uki', 'ukiapp']"
yola_erlianda,106600,2021-06-12,download UKI dan temukan teman kencan yg baik disana .. #fyp #ukiapp #uki,6972883111495355650,https://www.tiktok.com/@yola_erlianda/video/6972883111495355650?lang=en,101600,1,285,10,"['fyp', 'ukiapp', 'uki']"
fahcrulmax,669,2021-06-12,"Gimana sih kelanjutan dari drama ini, follow biar engk ketinggalan part selanjutnya #uki #ukiapp",6972846439269567746,https://www.tiktok.com/@fahcrulmax/video/6972846439269567746?lang=en,5,0,0,1,"['uki', 'ukiapp']"
cumiya_,1657,2021-06-12,üò¢ #uki #ukiapp #fyp #foryoupage #fyp„Ç∑,6972894122994650369,https://www.tiktok.com/@cumiya_/video/6972894122994650369?lang=en,21100,18,40,45,"['uki', 'ukiapp', 'fyp', 'foryoupage', 'fyp„Ç∑']"
caramelmoccacino1,758,2021-06-06,"Akhirnya doi kembali, yeeeee Yuk download aplikasi UKI dan temukan banyak teman #uki #ukiapp #ukiappdownload",6970579871537859842,https://www.tiktok.com/@caramelmoccacino1/video/6970579871537859842?lang=en,1237,0,143,3,"['uki', 'ukiapp', 'ukiappdownload']"
caramelmoccacino1,758,2021-06-07,"Gakboleh galau! Kan ada aplikasi UKI, yuk download aplikasi UKI #uki #ukiapp #ukiappdownload",6970952392682605825,https://www.tiktok.com/@caramelmoccacino1/video/6970952392682605825?lang=en,1316,0,184,1,"['uki', 'ukiapp', 'ukiappdownload']"
caramelmoccacino1,758,2021-06-07,Ternyata orang yang selama ini dekat denganku adalah. . . Yuk download aplikasi UKI #uki #ukiapp #ukiappdownload,6970950079020666113,https://www.tiktok.com/@caramelmoccacino1/video/6970950079020666113?lang=en,1243,0,162,1,"['uki', 'ukiapp', 'ukiappdownload']"
